Mutation,RMSD,Classification,Criterion,Position,Mean_Displacement,Max_Displacement,Residues_Above_10A,Contacts_Lost,Preservation_Rate,DBD_Contact_Loss_Pct,Total_SS_Changes,SS_Change_Pct,Helix_to_Coil,DBD_Changes,DBD_RMSD,Local_Global_Ratio,Impact_Class,Total_SASA_Change,Hydrophobic_Exposure,Cluster,PC1,PC2,CSIS,CSIS_Severity,RMSD_Rank,CSIS_Rank,Rank_Change
P72R,37.0815,Benign,B,72,30.255,103.8021,367,9,98.38,1.54,66,16.79,4,18,25.95705,1.6363,Uniform Impact,142.4,482.94,2,204.7794,-104.19,90.35,Critical,2,1,1
S241F,37.8149,Gain-of-Function,D,241,31.369,118.9661,362,4,99.28,0.58,63,16.03,0,12,26.47043,0.3857,Globally Destabilizing,-228.1,303.87,3,-119.3378,-318.4944,84.71,Critical,1,2,-1
I195T,32.5522,Temperature-Sensitive,E,195,26.6831,88.3443,346,15,97.29,2.7,46,11.7,2,11,22.78654,0.3264,Globally Destabilizing,252.2,445.64,3,-158.9741,-163.6576,83.43,Critical,17,3,14
R342P,36.0602,Likely Oncogenic,C,342,30.7337,74.4166,365,8,98.56,1.54,45,11.45,4,10,25.24214,1.437,Uniform Impact,-260.4,345.33,2,204.8227,-99.5202,82.01,Critical,5,4,1
W23R,36.4377,Likely Oncogenic,C,23,30.3933,91.897,366,4,99.28,0.58,55,13.99,1,8,25.50639,2.5898,Locally Destructive,166.3,474.07,2,194.2185,-150.4067,80.64,Critical,4,5,-1
V143A,35.4997,Temperature-Sensitive,E,143,28.8053,119.164,377,5,99.1,0.77,46,11.7,4,16,24.849789999999995,0.561,Uniform Impact,39.6,336.26,2,227.122,-91.3058,78.62,Critical,6,6,0
R249G,35.1811,Likely Oncogenic,A,249,29.3163,93.9354,348,6,98.92,1.16,49,12.47,4,14,24.62677,0.3544,Globally Destabilizing,-299.3,269.65,3,-90.3529,-259.7646,78.25,Critical,7,7,0
N345S,33.1697,Likely Oncogenic,C,345,29.7199,70.2155,377,7,98.74,1.16,48,12.21,5,15,23.21879,1.0964,Uniform Impact,-114.1,355.76,1,178.4555,39.587,77.61,Critical,11,8,3
R337H,32.9437,Low-Penetrance,B,337,28.0587,79.3614,379,5,99.1,0.77,57,14.5,5,15,23.060589999999998,1.0282,Uniform Impact,21.0,422.29,1,222.4908,78.6933,77.36,Critical,12,9,3
L194R,32.8773,Likely Oncogenic,F,194,28.0744,74.2709,379,6,98.92,0.96,46,11.7,4,22,23.01411,0.4987,Globally Destabilizing,-334.2,362.8,1,172.3317,18.9921,75.59,Critical,14,10,4
G245D,32.198,Likely Oncogenic,A,245,28.4099,72.6702,370,9,98.38,1.73,33,8.4,0,2,22.5386,0.5148,Uniform Impact,-113.5,348.65,1,121.0341,78.7186,74.05,Critical,20,11,9
L22F,29.3793,Likely Oncogenic,C,22,26.1149,65.4145,388,6,98.92,0.96,58,14.76,5,13,20.56551,2.2223,Locally Destructive,294.2,489.75,1,128.9026,47.9836,73.47,Critical,29,12,17
R282Q,31.5187,Likely Oncogenic,A,282,27.1045,72.7919,372,6,98.92,1.16,47,11.96,2,6,22.06309,0.9237,Uniform Impact,162.0,384.55,1,174.3929,39.6706,73.19,Critical,25,13,12
D281G,32.7702,Gain-of-Function,D,281,27.5468,79.163,385,5,99.1,0.96,37,9.41,1,7,22.939140000000002,0.8411,Uniform Impact,5.9,361.82,1,201.3006,25.4121,72.32,Critical,15,14,1
K382R,31.7023,Likely Oncogenic,C,382,26.9337,74.396,377,7,98.74,1.16,36,9.16,0,6,22.19161,0.9305,Uniform Impact,190.2,348.45,1,200.0934,54.7435,72.13,Critical,24,15,9
R175G,32.1425,Likely Oncogenic,A,175,24.5765,99.737,339,8,98.56,1.54,37,9.41,1,9,22.49975,0.543,Uniform Impact,21.6,306.88,3,-252.4302,-140.1991,71.94,Critical,21,16,5
E285K,32.9137,Likely Oncogenic,F,285,26.4971,106.235,368,5,99.1,0.96,38,9.67,6,9,23.039589999999997,0.992,Uniform Impact,-304.0,299.92,3,-161.2168,-200.8323,71.77,Critical,13,17,-4
N247D,30.7411,Likely Oncogenic,F,247,22.3831,123.4064,302,9,98.38,1.73,43,10.94,1,10,21.51877,0.3086,Globally Destabilizing,-277.7,321.57,3,-275.6046,-147.4996,70.08,Critical,27,18,9
V272M,28.2678,Gain-of-Function,D,272,23.6789,86.01,337,7,98.74,1.35,55,13.99,4,16,19.78746,0.7612,Uniform Impact,-153.6,285.86,5,-154.973,-14.4679,68.92,Severe,32,19,13
Y220S,32.0651,Likely Oncogenic,A,220,25.752,79.2522,331,6,98.92,0.96,33,8.4,4,9,22.44557,0.4604,Globally Destabilizing,-213.1,396.31,2,197.0156,3.2147,67.99,Severe,22,20,2
R175C,25.8032,Likely Oncogenic,A,175,21.0416,71.5208,306,9,98.38,1.54,47,11.96,4,17,18.06224,0.3897,Globally Destabilizing,-411.6,255.57,5,-164.0263,-0.8847,63.24,Severe,35,21,14
L344R,22.5967,Likely Oncogenic,C,344,18.015,54.6317,243,12,97.83,2.12,61,15.52,4,17,15.817689999999997,2.4827,Locally Destructive,99.3,429.17,5,-136.925,19.8845,61.19,Severe,38,22,16
T125M,26.5572,Likely Oncogenic,F,125,19.0224,98.683,180,8,98.56,1.54,49,12.47,4,17,18.59004,0.4715,Globally Destabilizing,-366.6,309.4,4,-56.3594,33.1686,56.15,Severe,34,23,11
N239D,22.0229,Likely Oncogenic,F,239,17.6584,65.9711,268,12,97.83,2.12,38,9.67,4,9,15.41603,0.4539,Globally Destabilizing,-70.6,340.61,5,-178.0903,75.7738,55.87,Severe,42,24,18
R248L,21.5996,Likely Oncogenic,A,248,18.2463,78.5527,319,6,98.92,0.96,55,13.99,4,17,15.119719999999997,0.2691,Globally Destabilizing,-157.6,311.29,4,-95.0849,59.7611,55.72,Severe,43,25,18
H179R,31.2106,Likely Oncogenic,Phase1,179,24.7379,85.8348,377,9,98.38,1.54,54,13.74,5,18,0.1455,0.6691,Uniform Impact,181.0,457.48,1,222.9935,89.8136,53.53,Severe,26,26,0
R280K,24.7245,Gain-of-Function,D,280,18.9739,74.1967,268,5,99.1,0.96,43,10.94,4,16,17.307149999999996,0.5083,Uniform Impact,-244.2,325.61,5,-193.7382,13.3062,53.51,Severe,36,27,9
R249S,34.2997,Likely Oncogenic,Phase1,249,26.2434,114.0848,331,12,97.83,2.31,41,10.43,5,11,0.1516,0.5579,Uniform Impact,-217.6,345.36,3,-195.8067,-191.0335,53.47,Severe,8,28,-20
G245S,33.4872,Likely Oncogenic,Phase1,245,27.6156,76.5241,380,9,98.38,1.54,42,10.69,0,3,0.1636,0.4865,Globally Destabilizing,-322.0,291.56,2,203.0608,-25.3075,52.58,Severe,9,29,-20
R158H,33.4055,Likely Oncogenic,Phase1,158,28.3399,81.3777,386,7,98.74,1.16,42,10.69,4,18,0.2078,0.5886,Uniform Impact,-265.0,312.89,1,210.404,19.5997,50.62,Severe,10,30,-20
R175H,31.8538,Likely Oncogenic,Phase1,175,26.6426,81.1783,382,8,98.56,1.54,40,10.18,1,10,0.1401,0.6101,Uniform Impact,348.5,476.12,1,199.5505,63.9835,49.63,Severe,23,31,-8
P278S,36.5299,Likely Oncogenic,Phase1,278,30.8965,88.0917,388,3,99.46,0.58,45,11.45,4,9,0.1708,0.7808,Uniform Impact,-818.4,305.16,1,206.5462,-11.8705,49.49,Severe,3,32,-29
R282W,28.8514,Likely Oncogenic,Phase1,282,24.7036,106.1541,358,8,98.56,1.54,48,12.21,0,9,0.1555,0.3659,Globally Destabilizing,111.9,409.43,4,67.6238,24.7172,47.7,Severe,31,33,-2
R158L,32.2115,Likely Oncogenic,Phase1,158,28.1418,74.4303,380,6,98.92,0.96,39,9.92,0,11,0.1434,0.8212,Uniform Impact,-231.9,267.31,1,178.979,62.7853,47.25,Severe,19,34,-15
V157F,32.2828,Likely Oncogenic,Phase1,157,28.7963,67.5769,392,2,99.64,0.39,49,12.47,4,22,0.2023,0.8548,Uniform Impact,-158.3,265.63,1,157.8513,23.2622,46.06,Severe,18,35,-17
P47S,22.0739,Benign,B,47,15.6816,55.8668,153,6,98.92,1.16,48,12.21,6,17,15.451729999999998,1.8817,Uniform Impact,-11.6,316.24,5,-123.5672,118.8387,44.58,Moderate,41,36,5
R273L,30.1157,Likely Oncogenic,Phase1,273,24.4672,98.8411,324,4,99.28,0.58,45,11.45,0,13,0.1604,0.5973,Uniform Impact,-638.8,233.97,2,81.8582,-56.5485,41.31,Moderate,28,37,-9
H193R,22.7217,Likely Oncogenic,Phase1,193,17.5329,67.7954,253,12,97.83,2.31,48,12.21,1,12,0.1653,0.5673,Uniform Impact,69.8,333.77,5,-216.3037,42.1832,40.74,Moderate,37,38,-1
R248W,32.6174,Likely Oncogenic,Phase1,248,25.6773,98.4201,292,4,99.28,0.77,41,10.43,4,10,0.1252,0.3736,Globally Destabilizing,-577.4,245.47,2,141.4263,-66.3047,40.41,Moderate,16,39,-23
A189V,18.9269,VUS,B,189,14.4449,54.9211,165,7,98.74,1.35,44,11.2,4,15,13.24883,0.4578,Globally Destabilizing,-169.8,421.21,5,-147.062,125.944,40.28,Moderate,47,40,7
R273C,29.3747,Likely Oncogenic,Phase1,273,23.7743,111.6015,330,3,99.46,0.39,43,10.94,0,12,0.1287,0.5819,Uniform Impact,-375.7,283.25,2,50.244,-65.464,39.35,Moderate,30,41,-11
R248Q,22.192,Likely Oncogenic,Phase1,248,18.6064,56.1675,277,10,98.19,1.73,45,11.45,2,6,0.1356,0.4284,Globally Destabilizing,-354.6,268.0,5,-126.9055,53.7076,38.65,Moderate,39,42,-3
K132R,17.7668,VUS,B,132,12.6535,46.7445,145,4,99.28,0.58,57,14.5,6,10,12.43676,0.339,Globally Destabilizing,-115.6,410.06,5,-186.8956,164.7839,37.02,Moderate,48,43,5
C176F,27.554,Likely Oncogenic,Phase1,176,19.5243,114.2793,187,3,99.46,0.58,45,11.45,0,6,0.1975,0.3739,Globally Destabilizing,-341.4,303.52,4,-58.2228,-20.9544,29.68,Moderate,33,44,-11
A138V,14.2027,Temperature-Sensitive,E,138,11.7,33.7593,149,6,98.92,0.96,41,10.43,0,15,9.941889999999999,0.5573,Uniform Impact,59.3,330.51,5,-177.0968,191.2564,29.62,Moderate,49,45,4
C135Y,20.5619,Likely Oncogenic,Phase1,135,14.3483,77.9822,179,8,98.56,1.35,38,9.67,4,9,0.1647,0.5347,Uniform Impact,-49.5,359.99,5,-271.0566,68.8793,27.23,Moderate,45,46,-1
R273H,20.9865,Likely Oncogenic,Phase1,273,17.4253,52.9083,285,4,99.28,0.77,27,6.87,0,6,0.1346,0.3338,Globally Destabilizing,-492.9,317.14,5,-149.2238,63.2202,26.58,Moderate,44,47,-3
M237I,19.7161,Likely Oncogenic,Phase1,237,16.012,48.3112,244,4,99.28,0.77,34,8.65,4,11,0.1423,0.4652,Globally Destabilizing,-94.2,316.44,5,-198.3001,91.3911,24.81,Stable,46,48,-2
Y220C,22.1159,Likely Oncogenic,Phase1,220,16.7283,80.2296,226,2,99.64,0.39,36,9.16,4,14,0.1549,0.6814,Uniform Impact,-408.5,369.87,4,-75.3353,66.4235,23.96,Stable,40,49,-9
R213Q,8.2168,Likely Oncogenic,Phase1,213,6.3231,29.1086,64,4,99.28,0.77,49,12.47,1,11,0.1426,0.8324,Uniform Impact,175.0,436.22,5,-184.6081,269.0069,7.97,Stable,50,50,0
