Mutation,RMSD,Classification,Criterion,Position,TM_Score,DBD_TM,High_TM_Fraction,Mean_Displacement,Max_Displacement,Residues_Above_5A,Residues_Above_10A,Contacts_Lost,Preservation_Rate,DBD_Contact_Loss_Pct,Total_SS_Changes,SS_Change_Pct,Helix_to_Coil,DBD_Changes,Local_Global_Ratio,Impact_Class,Total_SASA_Change,Hydrophobic_Exposure,Cluster,PC1,PC2,SPI,SPI_Severity,SPI_Rank,RMSD_Rank,TM_Rank,SPI_vs_RMSD_Rank,SPI_vs_TM_Rank,Comp_Base,Comp_DBD,Comp_DispQual,Comp_ContactSS,Comp_SASA
L22F,29.3793,Likely Oncogenic,C,22,0.113236,0.129428,0.0076,26.1149,65.4145,393,388,6,98.92,0.96,58,14.76,5,13,2.2223,Locally Destructive,294.2,489.75,1,128.9026,47.9836,100.0,Critical,1,29,8,28,7,88.68,0.9285,1.3,1.2958,1.2
W23R,36.4377,Likely Oncogenic,C,23,0.122279,0.165932,0.0127,30.3933,91.897,392,366,4,99.28,0.58,55,13.99,1,8,2.5898,Locally Destructive,166.3,474.07,2,194.2185,-150.4067,77.54,Critical,2,4,14,2,12,87.77,0.8215,1.3,1.2467,1.1936
R337H,32.9437,Low-Penetrance,B,337,0.108241,0.108039,0.0076,28.0587,79.3614,393,379,5,99.1,0.77,57,14.5,5,15,1.0282,Uniform Impact,21.0,422.29,1,222.4908,78.6933,72.3,Critical,3,12,4,9,1,89.18,1.0009,1.0,1.2727,1.1725
N345S,33.1697,Likely Oncogenic,C,345,0.096783,0.097263,0.0127,29.7199,70.2155,393,377,7,98.74,1.16,48,12.21,5,15,1.0964,Uniform Impact,-114.1,355.76,1,178.4555,39.587,71.84,Critical,4,11,2,7,-2,90.32,0.9975,1.0,1.2855,1.1453
G245D,32.198,Likely Oncogenic,A,245,0.112904,0.116978,0.0076,28.4099,72.6702,392,370,9,98.38,1.73,33,8.4,0,2,0.5148,Uniform Impact,-113.5,348.65,1,121.0341,78.7186,67.45,Severe,5,20,7,15,2,88.71,0.982,1.0,1.28,1.1424
H179R,31.2106,Likely Oncogenic,Phase1,179,0.148141,0.167334,0.0127,24.7379,85.8348,391,377,9,98.38,1.54,54,13.74,5,18,0.6691,Uniform Impact,181.0,457.48,1,222.9935,89.8136,67.18,Severe,6,26,21,20,15,85.19,0.9352,1.0,1.3436,1.1868
R175H,31.8538,Likely Oncogenic,Phase1,175,0.12194,0.136948,0.0178,26.6426,81.1783,389,382,8,98.56,1.54,40,10.18,1,10,0.6101,Uniform Impact,348.5,476.12,1,199.5505,63.9835,66.39,Severe,7,23,13,16,6,87.81,0.9385,1.0,1.2812,1.1944
L344R,22.5967,Likely Oncogenic,C,344,0.301203,0.48365,0.2239,18.015,54.6317,349,243,12,97.83,2.12,61,15.52,4,17,2.4827,Locally Destructive,99.3,429.17,5,-136.925,19.8845,62.72,Severe,8,38,40,30,32,69.88,0.8,1.3,1.4248,1.1753
K382R,31.7023,Likely Oncogenic,C,382,0.124137,0.134004,0.0178,26.9337,74.396,389,377,7,98.74,1.16,36,9.16,0,6,0.9305,Uniform Impact,190.2,348.45,1,200.0934,54.7435,61.31,Severe,9,24,16,15,7,87.59,0.9603,1.0,1.2491,1.1423
R282W,28.8514,Likely Oncogenic,Phase1,282,0.14925,0.177085,0.0483,24.7036,106.1541,388,358,8,98.56,1.54,48,12.21,0,9,0.3659,Globally Destabilizing,111.9,409.43,4,67.6238,24.7172,59.26,Severe,10,31,22,21,12,85.08,0.9068,1.0,1.3055,1.1672
R282Q,31.5187,Likely Oncogenic,A,282,0.122876,0.14593,0.0,27.1045,72.7919,393,372,6,98.92,1.16,47,11.96,2,6,0.9237,Uniform Impact,162.0,384.55,1,174.3929,39.6706,58.06,Severe,11,25,15,14,4,87.71,0.9062,1.0,1.2624,1.157
R158L,32.2115,Likely Oncogenic,Phase1,158,0.111147,0.122879,0.0076,28.1418,74.4303,392,380,6,98.92,0.96,39,9.92,0,11,0.8212,Uniform Impact,-231.9,267.31,1,178.979,62.7853,57.66,Severe,12,19,6,7,-6,88.89,0.9472,1.0,1.2382,1.1092
I195T,32.5522,Temperature-Sensitive,E,195,0.156037,0.233228,0.0483,26.6831,88.3443,383,346,15,97.29,2.7,46,11.7,2,11,0.3264,Globally Destabilizing,252.2,445.64,3,-158.9741,-163.6576,57.03,Severe,13,17,24,4,11,84.4,0.8,1.0,1.4394,1.182
P72R,37.0815,Benign,B,72,0.132383,0.215874,0.0,30.255,103.8021,393,367,9,98.38,1.54,66,16.79,4,18,1.6363,Uniform Impact,142.4,482.94,2,204.7794,-104.19,56.87,Severe,14,2,18,-12,4,86.76,0.8,1.0,1.38,1.1972
L194R,32.8773,Likely Oncogenic,F,194,0.121541,0.147928,0.0051,28.0744,74.2709,392,379,6,98.92,0.96,46,11.7,4,22,0.4987,Globally Destabilizing,-334.2,362.8,1,172.3317,18.9921,55.67,Severe,15,14,12,-1,-3,87.85,0.8914,1.0,1.2594,1.1482
R158H,33.4055,Likely Oncogenic,Phase1,158,0.110432,0.139947,0.0051,28.3399,81.3777,391,386,7,98.74,1.16,42,10.69,4,18,0.5886,Uniform Impact,-265.0,312.89,1,210.404,19.5997,53.1,Severe,16,10,5,-6,-11,88.96,0.8664,1.0,1.2673,1.1278
V157F,32.2828,Likely Oncogenic,Phase1,157,0.09678,0.113808,0.0,28.7963,67.5769,393,392,2,99.64,0.39,49,12.47,4,22,0.8548,Uniform Impact,-158.3,265.63,1,157.8513,23.2622,51.74,Severe,17,18,1,1,-16,90.32,0.912,1.0,1.1885,1.1085
D281G,32.7702,Gain-of-Function,D,281,0.118066,0.14848,0.0102,27.5468,79.163,392,385,5,99.1,0.96,37,9.41,1,7,0.8411,Uniform Impact,5.9,361.82,1,201.3006,25.4121,50.39,Severe,18,15,10,-3,-8,88.19,0.8712,1.0,1.2121,1.1478
P278S,36.5299,Likely Oncogenic,Phase1,278,0.101773,0.126616,0.0,30.8965,88.0917,393,388,3,99.46,0.58,45,11.45,4,9,0.7808,Uniform Impact,-818.4,305.16,1,206.5462,-11.8705,49.73,Severe,19,3,3,-16,-16,89.82,0.8779,1.0,1.1964,1.1246
R342P,36.0602,Likely Oncogenic,C,342,0.119404,0.186312,0.0127,30.7337,74.4166,393,365,8,98.56,1.54,45,11.45,4,10,1.437,Uniform Impact,-260.4,345.33,2,204.8227,-99.5202,48.15,Severe,20,5,11,-15,-9,88.06,0.8,1.0,1.2964,1.141
R249S,34.2997,Likely Oncogenic,Phase1,249,0.171967,0.267452,0.0712,26.2434,114.0848,386,331,12,97.83,2.31,41,10.43,5,11,0.5579,Uniform Impact,-217.6,345.36,3,-195.8067,-191.0335,47.24,Severe,21,8,25,-13,4,82.8,0.8,1.0,1.3642,1.141
G245S,33.4872,Likely Oncogenic,Phase1,245,0.136129,0.205182,0.0,27.6156,76.5241,393,380,9,98.38,1.54,42,10.69,0,3,0.4865,Globally Destabilizing,-322.0,291.56,2,203.0608,-25.3075,45.56,Severe,22,9,19,-13,-3,86.39,0.8,1.0,1.3073,1.1191
S241F,37.8149,Gain-of-Function,D,241,0.116168,0.180383,0.0254,31.369,118.9661,389,362,4,99.28,0.58,63,16.03,0,12,0.3857,Globally Destabilizing,-228.1,303.87,3,-119.3378,-318.4944,45.49,Severe,23,1,9,-22,-14,88.38,0.8,1.0,1.2709,1.1241
V143A,35.4997,Temperature-Sensitive,E,143,0.130283,0.195343,0.0,28.8053,119.164,393,377,5,99.1,0.77,46,11.7,4,16,0.561,Uniform Impact,39.6,336.26,2,227.122,-91.3058,43.04,Moderate,24,6,17,-18,-7,86.97,0.8,1.0,1.2394,1.1373
R249G,35.1811,Likely Oncogenic,A,249,0.138698,0.219786,0.0483,29.3163,93.9354,382,348,6,98.92,1.16,49,12.47,4,14,0.3544,Globally Destabilizing,-299.3,269.65,3,-90.3529,-259.7646,42.17,Moderate,25,7,20,-18,-5,86.13,0.8,1.0,1.2685,1.1101
V272M,28.2678,Gain-of-Function,D,272,0.176203,0.263833,0.0865,23.6789,86.01,376,337,7,98.74,1.35,55,13.99,4,16,0.7612,Uniform Impact,-153.6,285.86,5,-154.973,-14.4679,41.45,Moderate,26,32,26,6,0,82.38,0.8,1.0,1.3067,1.1167
R175G,32.1425,Likely Oncogenic,A,175,0.178328,0.264122,0.0662,24.5765,99.737,383,339,8,98.56,1.54,37,9.41,1,9,0.543,Uniform Impact,21.6,306.88,3,-252.4302,-140.1991,39.73,Moderate,27,21,27,-6,0,82.17,0.8,1.0,1.2721,1.1253
Y220S,32.0651,Likely Oncogenic,A,220,0.178742,0.253256,0.0636,25.752,79.2522,382,331,6,98.92,0.96,33,8.4,4,9,0.4604,Globally Destabilizing,-213.1,396.31,2,197.0156,3.2147,38.91,Moderate,28,22,28,-6,0,82.13,0.8,1.0,1.22,1.1618
E285K,32.9137,Likely Oncogenic,F,285,0.149314,0.21721,0.0,26.4971,106.235,393,368,5,99.1,0.96,38,9.67,6,9,0.992,Uniform Impact,-304.0,299.92,3,-161.2168,-200.8323,38.66,Moderate,29,13,23,-16,-6,85.07,0.8,1.0,1.2152,1.1225
N247D,30.7411,Likely Oncogenic,F,247,0.237384,0.347118,0.1349,22.3831,123.4064,369,302,9,98.38,1.73,43,10.94,1,10,0.3086,Globally Destabilizing,-277.7,321.57,3,-275.6046,-147.4996,36.67,Moderate,30,27,34,-3,4,76.26,0.8,1.0,1.3103,1.1313
R175C,25.8032,Likely Oncogenic,A,175,0.233437,0.359592,0.1399,21.0416,71.5208,363,306,9,98.38,1.54,47,11.96,4,17,0.3897,Globally Destabilizing,-411.6,255.57,5,-164.0263,-0.8847,35.94,Moderate,31,35,33,4,2,76.66,0.8,1.0,1.3224,1.1044
R248Q,22.192,Likely Oncogenic,Phase1,248,0.250781,0.362626,0.1425,18.6064,56.1675,371,277,10,98.19,1.73,45,11.45,2,6,0.4284,Globally Destabilizing,-354.6,268.0,5,-126.9055,53.7076,35.36,Moderate,32,39,35,7,3,74.92,0.8,1.0,1.3364,1.1094
H193R,22.7217,Likely Oncogenic,Phase1,193,0.298569,0.449283,0.2036,17.5329,67.7954,350,253,12,97.83,2.31,48,12.21,1,12,0.5673,Uniform Impact,69.8,333.77,5,-216.3037,42.1832,34.93,Moderate,33,37,39,4,6,70.14,0.8,1.0,1.3855,1.1363
N239D,22.0229,Likely Oncogenic,F,239,0.286186,0.40138,0.1883,17.6584,65.9711,352,268,12,97.83,2.12,38,9.67,4,9,0.4539,Globally Destabilizing,-70.6,340.61,5,-178.0903,75.7738,34.77,Moderate,34,42,38,8,4,71.38,0.8,1.0,1.3552,1.1391
R273C,29.3747,Likely Oncogenic,Phase1,273,0.186285,0.28688,0.0865,23.7743,111.6015,380,330,3,99.46,0.39,43,10.94,0,12,0.5819,Uniform Impact,-375.7,283.25,2,50.244,-65.464,33.35,Moderate,35,30,29,-5,-6,81.37,0.8,1.0,1.1903,1.1157
R273L,30.1157,Likely Oncogenic,Phase1,273,0.190395,0.288742,0.0891,24.4672,98.8411,377,324,4,99.28,0.58,45,11.45,0,13,0.5973,Uniform Impact,-638.8,233.97,2,81.8582,-56.5485,33.23,Moderate,36,28,30,-8,-6,80.96,0.8,1.0,1.2164,1.0955
R248W,32.6174,Likely Oncogenic,Phase1,248,0.217295,0.363863,0.1323,25.6773,98.4201,377,292,4,99.28,0.77,41,10.43,4,10,0.3736,Globally Destabilizing,-577.4,245.47,2,141.4263,-66.3047,30.45,Moderate,37,16,31,-21,-6,78.27,0.8,1.0,1.2042,1.1002
R280K,24.7245,Gain-of-Function,D,280,0.283393,0.447389,0.1781,18.9739,74.1967,351,268,5,99.1,0.96,43,10.94,4,16,0.5083,Uniform Impact,-244.2,325.61,5,-193.7382,13.3062,27.9,Moderate,38,36,37,-2,-1,71.66,0.8,1.0,1.2303,1.133
T125M,26.5572,Likely Oncogenic,F,125,0.331304,0.501926,0.2901,19.0224,98.683,358,180,8,98.56,1.54,49,12.47,4,17,0.4715,Globally Destabilizing,-366.6,309.4,4,-56.3594,33.1686,27.01,Moderate,39,34,44,-5,5,66.87,0.8,1.0,1.3085,1.1264
R273H,20.9865,Likely Oncogenic,Phase1,273,0.272317,0.431389,0.1501,17.4253,52.9083,357,285,4,99.28,0.77,27,6.87,0,6,0.3338,Globally Destabilizing,-492.9,317.14,5,-149.2238,63.2202,24.97,Stable,40,44,36,4,-4,72.77,0.8,1.0,1.1618,1.1295
A189V,18.9269,VUS,B,189,0.383049,0.549479,0.402,14.4449,54.9211,332,165,7,98.74,1.35,44,11.2,4,15,0.4578,Globally Destabilizing,-169.8,421.21,5,-147.062,125.944,22.69,Stable,41,47,45,6,4,61.7,0.8,1.0,1.2733,1.172
M237I,19.7161,Likely Oncogenic,Phase1,237,0.316272,0.444553,0.2188,16.012,48.3112,346,244,4,99.28,0.77,34,8.65,4,11,0.4652,Globally Destabilizing,-94.2,316.44,5,-198.3001,91.3911,22.2,Stable,42,46,41,4,-1,68.37,0.8,1.0,1.183,1.1292
C176F,27.554,Likely Oncogenic,Phase1,176,0.327922,0.510253,0.2417,19.5243,114.2793,352,187,3,99.46,0.58,45,11.45,0,6,0.3739,Globally Destabilizing,-341.4,303.52,4,-58.2228,-20.9544,21.56,Stable,43,33,43,-10,0,67.21,0.8,1.0,1.1964,1.1239
Y220C,22.1159,Likely Oncogenic,Phase1,220,0.323356,0.495827,0.2137,16.7283,80.2296,351,226,2,99.64,0.39,36,9.16,4,14,0.6814,Uniform Impact,-408.5,369.87,4,-75.3353,66.4235,20.97,Stable,44,40,42,-4,-2,67.66,0.8,1.0,1.1491,1.151
R248L,21.5996,Likely Oncogenic,A,248,0.231923,0.335275,0.1069,18.2463,78.5527,375,319,6,98.92,0.96,55,13.99,4,17,0.2691,Globally Destabilizing,-157.6,311.29,4,-95.0849,59.7611,20.72,Stable,45,43,32,-2,-13,76.81,0.8,0.8,1.2867,1.1271
C135Y,20.5619,Likely Oncogenic,Phase1,135,0.404956,0.594416,0.3817,14.3483,77.9822,310,179,8,98.56,1.35,38,9.67,4,9,0.5347,Uniform Impact,-49.5,359.99,5,-271.0566,68.8793,19.33,Stable,46,45,46,-1,0,59.5,0.8,1.0,1.2752,1.147
A138V,14.2027,Temperature-Sensitive,E,138,0.40983,0.596057,0.4529,11.7,33.7593,332,149,6,98.92,0.96,41,10.43,0,15,0.5573,Uniform Impact,59.3,330.51,5,-177.0968,191.2564,16.87,Stable,47,49,47,2,0,59.02,0.8,1.0,1.2442,1.135
P47S,22.0739,Benign,B,47,0.439306,0.674041,0.4733,15.6816,55.8668,282,153,6,98.92,1.16,48,12.21,6,17,1.8817,Uniform Impact,-11.6,316.24,5,-123.5672,118.8387,14.72,Stable,48,41,48,-7,0,56.07,0.8,1.0,1.2655,1.1291
K132R,17.7668,VUS,B,132,0.483595,0.734413,0.5827,12.6535,46.7445,214,145,4,99.28,0.58,57,14.5,6,10,0.339,Globally Destabilizing,-115.6,410.06,5,-186.8956,164.7839,11.66,Stable,49,48,49,-1,0,51.64,0.8,1.0,1.2527,1.1675
R213Q,8.2168,Likely Oncogenic,Phase1,213,0.644262,0.770854,0.7786,6.3231,29.1086,180,64,4,99.28,0.77,49,12.47,1,11,0.8324,Uniform Impact,175.0,436.22,5,-184.6081,269.0069,0.0,Stable,50,50,50,0,0,35.57,0.9018,1.0,1.2285,1.1781
